sim_id,main.zenithAngleInDeg,source_ngs.magnitude,seeing.constant,atmo.Cn2,wind_speed.constant,wind_direction.constant,atmo.L0,atmo.seed
0,14.843332789298426,1.5318933655049,0.9293680051017633,"[0.7386515919344598, 0.051219857324278174, 0.12299458541812078, 0.08713396532314113]","[15.377257290900358, 23.6694080775349, 17.02432437186958, 41.47744407509269]","[55.85005498923479, 303.6364234846141, 162.45276526212666, 291.4896936152426]",19.77259550056656,1
1,15.021135665626996,2.482117808356053,1.1344805799734008,"[0.673561427861871, 0.06574802700038226, 0.15510230812203815, 0.1055882370157086]","[14.339375615666727, 10.018041687932968, 7.591815501830139, 47.36714799343811]","[138.85383271727372, 212.74356119971085, 85.37572946813387, 89.63390438524526]",10.683500118851569,2
2,2.5956399552574156,1.5094790576013617,1.1996431450450684,"[0.6920677580829785, 0.06179045571259185, 0.14291873236556524, 0.10322305383886447]","[5.665523201455992, 12.001153634989732, 16.73612350946886, 69.14550313102474]","[320.18008965541264, 274.8143432430892, 88.94726562620822, 283.20801919286515]",7.3610051367929294,3
3,13.197498660598924,2.3514184755314975,1.5391090347306404,"[0.7117829210635198, 0.05565808354025024, 0.1387592455401506, 0.09379974985607945]","[11.415109050180405, 20.970190606302197, 8.667289400252415, 29.3854273997853]","[281.6142532486274, 288.42411960580495, 232.3730606043745, 149.05697546885838]",35.11121447092671,4
4,38.51208566844844,1.7490327990623111,1.7755666032629591,"[0.6780300373281917, 0.06556482409647212, 0.1495058966197538, 0.10689924195558244]","[8.82581102546223, 10.84926856448834, 24.855830718153722, 20.386747997292865]","[181.65084755435245, 72.18803102114641, 211.3122390736835, 209.94131480439484]",9.656088093043035,5
5,39.681295460263605,1.814006261409573,0.6328156695132865,"[0.7282886419488773, 0.05448723730233523, 0.1269597805314797, 0.09026434021730773]","[9.12484341920416, 24.225990920740323, 18.65985769897098, 40.33355933684857]","[281.5128668281604, 65.19519350562784, 255.55248255846666, 165.58399500160695]",27.209667763882,6
6,43.7426561470244,3.8668662346969964,0.4838902677363532,"[0.6815454440278994, 0.06436695897415436, 0.1497975452693498, 0.10429005172859662]","[14.789994618065574, 15.915057138254065, 18.279066647838288, 50.12887122322992]","[337.92417055040244, 66.78344981105472, 170.8958441043819, 49.082257717674274]",38.531584884178386,7
7,11.874640905771106,3.9388420899634555,0.4765258635944076,"[0.7099129623526877, 0.05942914825010373, 0.1377415016987928, 0.09291638769841577]","[7.458484704930694, 23.86700608880772, 11.625936687795285, 56.5570579067431]","[120.66909694933636, 129.82068284251804, 338.33297203991833, 359.73493645725705]",24.393880059882402,8
8,14.688649308186099,1.5938330102644396,1.860042323710902,"[0.6703563005180515, 0.06573755943727268, 0.15385403359370708, 0.11005210645096872]","[15.14143085085783, 5.344435386807531, 9.009202638896117, 38.955489922068]","[89.09256682007218, 209.02829481393272, 238.19851939971343, 318.72675627304375]",7.385365800889864,9
9,32.10718650690087,3.561619934971874,0.6421192512514108,"[0.7091355827311207, 0.05707565497102757, 0.13810477888275613, 0.09568398341509572]","[11.807392709551202, 8.441737583252047, 22.63048499172703, 56.387641394191384]","[13.08697917884226, 45.60858183858074, 329.83609732158624, 353.519521854065]",13.993055070135778,10
10,7.4588689715116,1.6713816518813847,1.3891548689419286,"[0.6898911666810562, 0.06273445372026354, 0.14447711028344262, 0.10289726931523767]","[12.626806424612347, 15.007876214414003, 20.533110405670456, 26.73464195040502]","[318.32266425737856, 83.2129755492526, 296.82345896454314, 159.97554816093418]",27.43275116328193,11
11,2.4070351414944806,2.740601895876005,1.8662061904145304,"[0.6743361585444434, 0.06754138789858621, 0.14977420807695874, 0.10834824548001162]","[14.804190067198899, 11.928996490230732, 15.155185598454533, 51.03284288205877]","[109.5888638383499, 9.818168936565273, 26.016114210983243, 117.74752861147616]",25.1087373806803,12
12,27.953648185692572,3.32938773160713,1.1637547261421983,"[0.7015401007738662, 0.05764827697382994, 0.1381725725621329, 0.10263904969017099]","[12.280464794049893, 12.371746983583217, 7.7704468407129585, 54.398603627332065]","[155.47610925896154, 152.59313008142192, 83.6341062625049, 312.71057021713796]",11.123316615789584,13
13,11.974191340354073,3.072262633452439,0.6731196730193171,"[0.6769969361257296, 0.06478469952211065, 0.1516190411746328, 0.1065993231775269]","[13.165772740995461, 11.319568019547734, 19.87367126574811, 54.786663357287146]","[23.109398334593127, 53.19787214400688, 187.24156280318343, 254.04259062341282]",32.26229114192517,14
14,31.265987209774444,2.537206169669866,1.133127720798655,"[0.6406952532502369, 0.07010404377870615, 0.16683690960481606, 0.12236379336624081]","[12.483395558563899, 15.61672095574985, 19.00915868864704, 42.23349564236266]","[332.42958469632794, 359.14678470815875, 175.17121224243755, 139.15997282663952]",36.461122787163504,15
15,17.82235015710805,2.551299818674301,0.7593636708882606,"[0.6958275894144522, 0.0583537148174968, 0.14050146968737698, 0.10531722608067401]","[9.589057986224212, 14.725201763890077, 9.640703599253445, 64.33200219917384]","[21.56035128822168, 181.597056781916, 95.85974316732847, 34.593723081837844]",29.64636199899116,16
16,19.93964548303297,1.2040597642792463,0.8106842464935469,"[0.6710973193180533, 0.06409119753525067, 0.15425670627207716, 0.11055477687461887]","[15.427138836635873, 16.420034998378554, 19.152893477228055, 23.199081147044698]","[24.809456788066097, 251.74902979281904, 357.7638032402878, 35.180954907972804]",6.73924775104304,17
17,15.121263796850009,1.816048060889868,0.4128292737212629,"[0.7263472669489685, 0.0547083271861061, 0.12872523393506005, 0.09021917192986532]","[7.954602594277785, 7.6744058066518805, 23.648248318034664, 59.46190798023765]","[211.438640960234, 35.918483520252316, 144.57515976376223, 68.16919279579693]",19.874795938846795,18
18,5.25120515631378,3.2655887647032626,1.1490218663284888,"[0.6723452693895057, 0.06570060598877346, 0.15168033469901873, 0.11027378992270208]","[4.536538132770019, 22.622934685766833, 14.98191118232226, 42.633279478670325]","[6.412052975314207, 59.997611050142346, 153.90550001295202, 14.011729511290989]",35.34640251535593,19
19,12.621845861605847,3.023690463420905,1.0573045321580106,"[0.7063857144962564, 0.05780832866966182, 0.13672789718813008, 0.09907805964595166]","[7.422987613764223, 5.9351200474369525, 9.960702568351747, 34.94585725017963]","[15.818238477158737, 282.52541330968063, 190.63095598677887, 322.3790688955412]",1.413180949636839,20
20,36.12546262239277,2.286561412855994,1.1084874796530935,"[0.6510749294389245, 0.0695549440164389, 0.16483837320879485, 0.1145317533358417]","[10.94496479156458, 14.458393239605554, 21.007413222046537, 60.64727112944973]","[312.48984172736465, 247.09083735966533, 121.14075700620559, 7.89147646000584]",7.694708370315668,21
21,26.08476983518778,1.5488574088733755,0.7753037252418427,"[0.716480450010856, 0.05667099628914598, 0.13037798169948658, 0.09647057200051146]","[9.850269119183764, 8.065588813480584, 6.174278646590783, 35.811396670179775]","[285.48662900231443, 255.69803186754794, 309.4957839476234, 77.71801613337342]",14.417039231651309,22
22,36.581727826260845,2.8622395120006043,1.1863093046165676,"[0.7172721961037987, 0.057096819066426246, 0.13108584403085888, 0.09454514079891627]","[6.754518369827964, 24.303173164653366, 12.596083607690877, 26.78937749633589]","[15.21318676737913, 276.7911524248546, 310.23975364011886, 3.4372254787403467]",14.23508951185851,23
23,44.96259495272652,1.8275528299365036,0.6406128220168938,"[0.6773988802957789, 0.06419737597011785, 0.1481312448227085, 0.11027249891139476]","[5.230798783379204, 16.796238779488007, 24.762527212045494, 45.01512397260005]","[151.34116485818026, 180.35936277756252, 287.0689058331296, 12.109404388797506]",15.068245658263415,24
24,10.99664984313317,1.6777419285261823,1.8491647656859191,"[0.7106188686799901, 0.05730827659514549, 0.13753989181237558, 0.09453296291248889]","[15.484037661884742, 18.97515936340953, 8.853319710753645, 34.27842782874871]","[37.44269003421143, 310.87164240910994, 283.37434788268064, 249.2375934771668]",22.387675474529708,25
25,39.97502738286902,2.7083839117074078,1.6122816903561534,"[0.6803570485685125, 0.06401217693976931, 0.148019339407829, 0.1076114350838892]","[11.564673083383843, 13.582519533793889, 11.363687590142321, 26.799491895744538]","[329.7240195403504, 264.78592237512936, 22.54816039453282, 140.6403705082227]",10.771477347037424,26
26,35.59450978214472,3.32074316397879,1.8199624131494265,"[0.6820633345950327, 0.06372400296491249, 0.15053223462167586, 0.10368042781837897]","[15.301846722682178, 15.640385152124782, 12.134886408753257, 51.09439244649127]","[324.83548902222225, 246.14399462237816, 239.5371224332399, 87.30885678978672]",33.65642350998128,27
27,25.104091525908945,3.455042292152575,1.4415174113039213,"[0.6586047105589381, 0.06779208994116119, 0.15802099561353017, 0.11558220388637051]","[15.623235047079907, 14.675761918513732, 11.87800534814571, 50.38343001054261]","[23.68120797305385, 102.4890807040334, 104.99612149583886, 213.15943901990926]",22.456392004220184,28
28,10.676365918030788,3.422064299536862,0.9214326830162243,"[0.6743447235530514, 0.0646958963397871, 0.15343918817757563, 0.1075201919295859]","[12.267645836847738, 9.872783337976784, 18.0145019007153, 41.51554170510063]","[20.87375889442688, 104.97724815446544, 155.000551911953, 314.71092406992045]",2.2061920217452236,29
29,14.807224373165738,2.8961421033795456,0.831179171244553,"[0.6581222590195794, 0.06680477575338958, 0.16044926820182553, 0.11462369702520556]","[14.518016278877855, 13.707166085866563, 23.828808286638807, 59.40127488192211]","[37.25497065377452, 45.91525335908319, 151.8331274368796, 343.93313451337406]",12.669235670229906,30
30,22.291938321568303,3.8000056246407277,0.8439904772861677,"[0.705818005711352, 0.05895055400415153, 0.139859858385229, 0.09537158189926753]","[4.953962177962484, 13.27292139292046, 14.082224241938434, 37.32278342475331]","[291.7141502235645, 260.87774455826957, 196.11716019991792, 70.10296339354011]",8.36941418976457,31
31,30.10360195941202,3.582749356664725,1.094639537336235,"[0.7078285035138079, 0.0587301074225499, 0.13754279105956624, 0.09589859800407599]","[12.610516434454064, 22.91217808648116, 18.057533690405386, 49.65477790051665]","[171.7118221928159, 332.3038799389713, 219.9902568591879, 124.23263793457922]",34.93804645606719,32
32,27.50923762989593,3.835157117149516,1.710468956474208,"[0.7100242821932924, 0.058519408176564466, 0.13680557771030433, 0.09465073191983893]","[7.113129771809874, 5.306343961597754, 15.682539769289097, 30.857251657360973]","[165.15829522008457, 206.13712848396486, 66.64662108333901, 244.63097045849452]",18.64729205113954,33
33,18.774593836327703,3.5841525534416387,1.1527027573349105,"[0.7185594761298911, 0.056945966603297864, 0.13182664639997274, 0.0926679108668381]","[8.25571914138702, 15.960115197425173, 20.549367474496805, 22.047503594278886]","[213.49184569687745, 37.17860234339241, 156.1251109610937, 121.28393376959458]",17.528441412200785,34
34,17.872481859915972,3.0566511757580637,1.9204346602062405,"[0.6946400198537938, 0.06331497462079021, 0.13863472708859356, 0.10341027843682246]","[4.819524776387217, 16.18099894480742, 14.165095079828308, 56.07240980801662]","[300.5925041970559, 13.538070623892361, 288.08327700773685, 50.41126340704592]",4.616453541666407,35
35,36.019851851403885,1.9237217398848006,1.1419617254519285,"[0.7028416446872364, 0.058057679346213746, 0.13571704324958772, 0.10338363271696215]","[12.079565805308373, 12.002677352075022, 13.598352761036887, 65.8295452929548]","[337.0702255009911, 4.08871479577321, 254.72678873027763, 312.19205268156736]",25.584237793947178,36
36,31.95471013333081,2.884070659521737,1.1136615901224176,"[0.6694067920195294, 0.0697725277732106, 0.15179687764560298, 0.10902380256165706]","[5.78911551279157, 19.756989790142985, 13.651434337409912, 36.55542001643374]","[330.03866782154705, 238.01307406993433, 311.72625820097005, 180.8228905866831]",14.692172231447982,37
37,19.698328081048253,1.7042651157327966,1.0093978605248248,"[0.7051920229234333, 0.0608658033023454, 0.13788392220857418, 0.09605825156564701]","[9.794761562128746, 19.543501328310825, 22.117715236121878, 31.17613766676137]","[250.58912737531804, 62.53028560810877, 31.725210617671593, 301.43300080694826]",2.3297327903610734,38
38,27.0074336789863,3.5485220345079664,1.3175478705831458,"[0.6833412905127313, 0.06227292785657941, 0.14443973051109474, 0.10994605111959463]","[11.986924497578729, 17.68139294428218, 15.812499980499018, 24.841764981575153]","[107.81202984817679, 275.5539508004057, 91.88137938685458, 205.79232155038812]",14.456411067296035,39
39,42.57179568817017,2.659538985840277,1.6730011464548618,"[0.6763834218817167, 0.06643560569539317, 0.14711248814413042, 0.11006848427875966]","[13.94517019661851, 12.305569728821714, 17.555566558565438, 23.547024627479367]","[294.1795945293436, 188.83194149738077, 282.36823586223596, 259.3544883501721]",27.036760066491965,40
40,41.53819915623057,3.414041929084125,1.770952792981448,"[0.7221527703724374, 0.05577872481713664, 0.12943853530766078, 0.09262996950276506]","[15.143654770978857, 15.226515984960487, 15.627980346261712, 50.339472111289126]","[358.3419121553376, 122.9567518497563, 8.114173123161276, 229.48020786568344]",24.232551660714556,41
41,25.007858727821937,3.7371170670164675,1.2477158068008314,"[0.6960888115767409, 0.06026197234787182, 0.13943347095463465, 0.10421574512075264]","[10.718518443462813, 22.943475643282397, 19.19941618880948, 28.946090788280298]","[211.2109048763841, 295.8565655655868, 311.695202887514, 290.19222393784116]",21.78272086437191,42
42,10.920613030910737,3.3209602556682736,1.5398618904161738,"[0.6957047436046228, 0.061574525236010945, 0.14712044441045044, 0.09560028674891587]","[6.562442654815043, 23.55256531936847, 13.335905052909641, 41.82328136613722]","[150.35405934069814, 206.19868107374035, 133.03942519844838, 197.47422984344786]",14.464826682374031,43
43,28.15850319347348,3.9511997560091423,0.8946242996987286,"[0.668150885150346, 0.064933276668804, 0.15186703065132984, 0.11504880752952018]","[15.63212055865032, 18.152488337183208, 19.557266199598956, 30.852849421141265]","[315.27036750747254, 319.4710753445346, 150.10311013352748, 255.97927178102367]",29.219146103738538,44
44,13.536525718351754,3.1422741318593155,0.632138019631657,"[0.6994174094600547, 0.06164232376624109, 0.14397963493670815, 0.09496063183699606]","[14.033547104084223, 22.745674279916607, 23.996923108819345, 23.3962962062177]","[16.064367415101163, 133.5894031570719, 204.1803954160146, 36.272203816665225]",22.67110941578366,45
45,3.3980643362936362,2.132578321403362,1.7720006883892707,"[0.6762033786342363, 0.06470818053168405, 0.14828150838905785, 0.11080693244502189]","[14.348960274898994, 23.235461801848977, 15.190823624643423, 35.93385796664432]","[131.90247336497023, 196.19022460920758, 142.66168698138492, 203.02255465048034]",10.079180743009212,46
46,1.6181196753421494,2.3268934853101797,1.2005555097097846,"[0.7102621122372069, 0.06061743849417926, 0.13800932343457412, 0.0911111258340397]","[5.921450340585474, 15.725304553351753, 23.992146933254787, 64.10924759863778]","[44.88628086354846, 266.304126350045, 163.97713522861022, 237.87281020504508]",26.41226684445936,47
47,13.922715215149154,3.889737129584602,1.0247952453162124,"[0.688785683896311, 0.0615844356636475, 0.1466928794990396, 0.10293700094100192]","[8.471577549593388, 5.6013312416146395, 21.842025476754504, 29.958046685665867]","[11.434175148564524, 275.7943753327845, 51.42066918056597, 337.2290495426335]",15.891875254640775,48
48,5.909521218981552,3.3196393023351463,1.526124685421474,"[0.7186461364787445, 0.05610768807818968, 0.1335007722525674, 0.0917454031904983]","[14.14920491336525, 11.606690784643146, 10.154141274519652, 42.66125962242448]","[337.19975668098454, 212.77779672376946, 159.93588647783685, 219.35146878822107]",13.427182480872899,49
49,19.496796667105478,1.5631027490014047,0.43099961311384494,"[0.6994840434197552, 0.05959283097893149, 0.1384548691662723, 0.102468256435041]","[11.887502161828756, 8.548767707906048, 7.381843160459751, 68.39969566733463]","[307.70016262236334, 286.3381530189002, 73.21430667636204, 161.79956029139737]",2.7470151993712095,50
50,22.660873143007414,2.7569889887778647,0.791019301375949,"[0.6932991173831424, 0.06141827856546459, 0.14215480400440902, 0.10312780004698392]","[13.007435739879426, 16.208935890913995, 8.635179473395524, 24.85839467545973]","[36.09438764576747, 57.94785581909764, 49.74323296087084, 34.36869322465945]",39.03527629886164,51
51,32.71656039488666,1.211253399077095,0.6570069855767922,"[0.7212514671317563, 0.054706184066471014, 0.130065186396573, 0.0939771624051996]","[15.644192167888498, 10.577354875972418, 21.16693375409607, 27.15145633563608]","[300.46719099553565, 160.1370173078105, 18.49383274337504, 23.21842413549692]",5.841700160344364,52
52,17.149985459693045,3.342169723788018,0.7045183116476823,"[0.6521689712949928, 0.0716016106320609, 0.16541748254192554, 0.11081193553102069]","[8.427724385206131, 14.01131596518309, 19.20409377746972, 32.31402581618423]","[8.140978172748952, 336.0812992441552, 109.29114734544008, 146.82234508579748]",22.170551351199716,53
53,29.563302265061743,3.5255703865500467,0.7973159886374636,"[0.6217610954936927, 0.07672963913534177, 0.1759565668096657, 0.12555269856129975]","[8.722326041017476, 16.1815171947891, 22.086672709387134, 43.70460635621889]","[344.2797774295966, 137.00212387289392, 342.3060111469459, 278.0777315192356]",17.586532405289923,54
54,25.849222817316566,3.6594355916038084,0.4336306762778591,"[0.700652029818993, 0.06243257854792747, 0.13731446576576864, 0.09960092586731094]","[6.951500528745331, 22.029385843093184, 21.69098055317889, 52.7675850615256]","[293.94220721700634, 163.4832664913915, 180.47318396570864, 290.6006598746828]",24.493369877028236,55
55,16.68380522386743,1.8763715365298512,1.9697746412426036,"[0.6843904630211485, 0.061282175441958575, 0.1484951308166264, 0.10583223072026647]","[11.917901236198642, 18.166291997378593, 19.274134295307896, 58.618944438427135]","[139.17884999251922, 182.71779747145573, 75.49630911802713, 258.014953516668]",8.357826907930608,56
56,1.432012974971666,1.8310004611057664,0.88435489867574,"[0.6669380089877496, 0.06575174071790149, 0.15490939347683516, 0.11240085681751376]","[12.745274462090048, 5.269755752841849, 24.513757834578424, 40.40903979935456]","[258.30772109150865, 344.54520385514195, 175.94243558058884, 284.8746853391236]",18.531418080536774,57
57,27.732860094017756,3.5733531346731766,1.8774288576501017,"[0.700988720892014, 0.05876141547169787, 0.14049037306972711, 0.09975949056656092]","[10.547239123913869, 23.404384167595392, 16.76457661021962, 64.31885142194795]","[231.35833525907756, 247.78057687198265, 313.42933468504873, 47.95287995615102]",2.964399934583351,58
58,36.74641430582338,1.1237419752356632,0.9242064960209886,"[0.6739046888553517, 0.06505357495676589, 0.15103273289012273, 0.11000900329775971]","[12.799265702147286, 7.018256368604674, 9.037667100453353, 69.73146772363677]","[273.05801751384473, 120.20565331325272, 68.93114108951175, 35.167486134278526]",17.067000359571484,59
59,6.101002444559925,3.7170293227899514,1.3284572738981972,"[0.688896622562507, 0.061102799637891676, 0.1474587053227031, 0.10254187247689808]","[9.161168649946937, 7.57893726831605, 15.912188698798923, 20.88374833642884]","[98.35787518306982, 76.09980227206755, 305.45538493159864, 133.59582074983808]",25.17682705691796,60
60,2.830802702167185,1.4838645980677732,0.517621662607597,"[0.687051076923126, 0.0633836700401576, 0.14478238613520672, 0.10478286690150984]","[5.629911599673049, 13.979583634134912, 14.628046954423912, 37.19880145767739]","[80.73945813830446, 258.6317804835315, 249.98227817349164, 1.4734158277986455]",20.896796974259658,61
61,34.84787223754767,2.455491663439493,0.8760186749131589,"[0.6826141072705176, 0.06106889648979676, 0.15197779835674596, 0.10433919788293959]","[6.882104975284795, 5.851448764645005, 12.711735891303908, 48.12555772902296]","[88.34196991099411, 263.3327788425534, 310.28145116550223, 180.7859687342522]",29.428155540643342,62
62,26.25779158142203,1.8989788597737762,1.2515396621997281,"[0.6454138472755651, 0.07257013977935603, 0.1672702963690937, 0.11474571657598517]","[11.147397726326536, 13.25803657054686, 8.999851960175452, 49.83763753680004]","[19.989507130174058, 245.75569963384388, 307.2893745324867, 203.9922464515843]",33.46808594094445,63
63,23.60550189993556,3.8599905794578766,1.935389984314177,"[0.7029508665896913, 0.060079648433332765, 0.14046046299678525, 0.09650902198019089]","[12.250266873961413, 22.68723420514814, 20.098452888364335, 20.74197641408403]","[132.66396897214173, 140.40718731147138, 114.51941268915617, 179.90550656267476]",20.433490015867957,64
64,11.658548850215771,2.405528255246007,0.5492726960851295,"[0.6931871078595689, 0.061020292986989626, 0.14178147131239935, 0.10401112784104197]","[15.714627055606059, 10.438999306346375, 21.058727328695895, 33.47594087471334]","[126.973831973946, 347.94230023629825, 22.25827315442558, 111.44980985795856]",22.273269384016672,65
65,43.362071876732514,3.0631320299497133,1.769467721872565,"[0.7056057826134847, 0.06067710430977494, 0.13824488377002564, 0.09547222930671462]","[13.820268727091014, 9.118851993028816, 14.696355962820498, 48.503633275416995]","[103.00122699368774, 326.06413680823414, 211.7633560536742, 74.56111786873036]",21.668907373274088,66
66,43.19191972666307,1.0754875652053864,1.0812443242320566,"[0.6723121073730822, 0.06591744209725311, 0.14729830261947907, 0.11447214791018562]","[8.25606069404082, 20.79976838292321, 17.519888569704804, 40.06407571655359]","[309.50890399456466, 3.901872285798762, 220.26366636371492, 136.50078606401362]",31.234567544889686,67
67,6.962495351557908,3.905768038066687,1.495413233514416,"[0.6977830340038788, 0.061198879863615774, 0.14246378397692938, 0.09855430215557603]","[12.107393167114653, 18.908603650585526, 16.355308497740396, 61.68382709239564]","[258.5269143818411, 207.78657989474652, 287.77771793781204, 355.6832861126934]",21.32777262116689,68
68,5.801035073180249,3.6597885991589263,0.6425559190113088,"[0.7088189575645084, 0.05796469399939107, 0.1366902148614946, 0.0965261335746059]","[12.197093392412205, 23.72093264971501, 15.003093540443661, 43.32852941215333]","[158.11624050567917, 62.46958906038178, 326.92628831165905, 18.73686213337052]",23.50732740199261,69
69,32.1713186909626,1.5221916164800406,1.2932257220795895,"[0.699876625715743, 0.06048365389963765, 0.14096687261236718, 0.09867284777225206]","[6.568100474962963, 16.60511648890136, 23.90047924510184, 27.76688386216209]","[326.7506568624977, 312.0082884617006, 79.18403223756647, 159.4439985067393]",13.99331316596835,70
70,21.930052042370864,3.899103561473281,0.49534908735848904,"[0.7082501733758713, 0.060070120759906684, 0.13429556949537208, 0.09738413636885007]","[6.30125354753662, 10.086413971794554, 22.199644339462502, 22.443241179807558]","[218.80107114796604, 335.1630716330207, 334.2293901033675, 337.9004171881958]",35.35368817160988,71
71,30.51629636688401,3.870444352827586,1.683150545696714,"[0.6991963084279239, 0.05945354830134901, 0.142967341300663, 0.09838280197006426]","[11.714405041180475, 23.04345718587896, 16.20368828357362, 38.94000319933971]","[280.5644987215123, 101.15434162936187, 46.98371008196037, 174.51773000603745]",33.183675988022756,72
72,1.1626458929153405,3.0325188211522134,0.7463411658947016,"[0.715769551198549, 0.05497082039222304, 0.13123524930061367, 0.09802437910861415]","[9.211006904293313, 6.430788157149565, 12.472173965868087, 40.44271663931612]","[20.534698214084855, 174.02627687978347, 161.7058064389964, 60.571324331841375]",19.038068253562187,73
73,1.9812469014894318,1.0172640893526932,1.1057231981903854,"[0.6827799075515099, 0.06570876376606138, 0.1468107884266654, 0.10470054025576335]","[15.135517578362712, 5.8175831632410695, 19.970964022680597, 27.456778416971723]","[155.78735904854906, 341.3956090270584, 130.6252280391268, 354.0960517551514]",34.96239822549091,74
74,29.52625019323713,2.542345304436291,1.1098203628576366,"[0.7128394179242273, 0.057696930625341654, 0.13190643863237758, 0.09755721281805343]","[11.867676244128349, 8.008938987384873, 14.905832604391072, 20.481126991182972]","[122.56452251147462, 298.74762841817886, 192.7307536606156, 286.7344701187626]",23.487525724615125,75
75,42.938232473309455,1.0010527401574958,1.4354213463187588,"[0.7280070041652198, 0.05400107135226352, 0.1273360363741997, 0.09065588810831689]","[12.878832957241368, 11.66995350723772, 14.023958124930395, 22.51630962458173]","[79.63067623932348, 93.23238217918468, 347.14003114055987, 266.670831513696]",13.635895858389008,76
76,31.952199534339346,2.325962964017534,1.8549039287889806,"[0.7077537922801278, 0.06021113295716552, 0.12988662881242224, 0.10214844595028434]","[15.404664339277675, 9.273340855029403, 6.240066324291695, 28.695920514646478]","[133.11658760189093, 287.72856418142646, 7.6226784055205, 176.0407853060329]",12.004883372338636,77
77,36.840041712067666,1.8886876131171713,1.020495360581973,"[0.7328087569796102, 0.05413291448459068, 0.12228531583065948, 0.09077301270513978]","[9.10260790425004, 10.176545633163613, 11.378619680305954, 69.54148584922473]","[176.92896125639334, 93.87859783406807, 30.696350414764233, 327.46873027809295]",38.745990097456016,78
78,2.919243771635141,1.4044893117437107,0.6159489798048347,"[0.7099274379057309, 0.05850120335910543, 0.12995908463448785, 0.10161227410067589]","[8.882930120710553, 19.779637156900343, 7.000920873764693, 59.385404112362544]","[237.13379923368942, 50.81959307402129, 164.46880274290834, 109.0796996232611]",33.7528790793244,79
79,41.618776594170804,2.3459272581904513,1.717217319272585,"[0.7258989969013403, 0.054492222110877744, 0.13044380516427603, 0.08916497582350609]","[8.106797207756664, 12.038705758917075, 16.957768983623783, 24.078088090619808]","[211.25473253808235, 18.723927841733452, 305.6534121855799, 325.4870094808217]",25.24632399752246,80
80,1.952234911805516,2.6690257202906236,0.5505120062783599,"[0.7175333198061409, 0.05658389197973053, 0.12906301585819957, 0.09681977235592895]","[7.837452525719479, 8.61054851761253, 9.304375320222189, 51.27582179191191]","[303.69574927420905, 77.10584337854489, 196.91182748387004, 39.68366230535088]",31.851357532521938,81
81,13.253770790482118,2.02840906388949,1.7672228375227643,"[0.6961814046021272, 0.061723601044037645, 0.13986087432513095, 0.10223412002870436]","[6.507703689569295, 13.878643870447025, 19.134349713607236, 57.17437591371092]","[42.132344346371234, 98.80574359339823, 176.4401377465316, 99.46992600421234]",8.539374988744076,82
82,40.78766536690951,1.7602018823373342,0.6415180717162697,"[0.6944520682089377, 0.06174553486687208, 0.14226090186413343, 0.10154149506005683]","[8.323430113226555, 14.563293125814587, 5.835634618987959, 24.2727001157483]","[221.1780324437205, 171.26656937639598, 68.77704465476668, 306.0222526100529]",38.192279247424516,83
83,25.624851997818997,3.315655717887697,0.45599007117973706,"[0.7043261199962122, 0.0589915199566144, 0.1357645928185172, 0.10091776722865611]","[13.32428692942952, 24.461767046807083, 13.303563157766584, 30.974254213656074]","[129.6908557711373, 275.3075746689942, 153.72337007079352, 55.707952111431695]",24.950112602824664,84
84,17.630184176659657,1.074184865082875,1.2966967630761306,"[0.6631847357235967, 0.06877484328685383, 0.161425014201539, 0.10661540678801056]","[14.594521627247625, 12.68739884532648, 8.442451178789504, 51.92859621745137]","[33.85193285020835, 297.54532357317646, 85.14298785116226, 160.96577389326296]",33.9212354746669,85
85,23.994859841237282,1.886984643212945,0.8907321348607273,"[0.7250260746908475, 0.05662705015963125, 0.12443418026637366, 0.09391269488314773]","[12.772669589464911, 13.2971051589262, 5.758451258118051, 31.458709863821127]","[161.74070971457695, 228.1130177612829, 264.4267120643634, 167.70927328874757]",18.87350430848871,86
86,16.184053118091125,2.6079099984817993,1.5089080960156944,"[0.6927282709678309, 0.06328203512339588, 0.13689493293398328, 0.10709476097479]","[7.890719611312926, 20.222841481340403, 14.912306580920356, 62.23435681405294]","[10.323090351818744, 271.9326058294327, 207.20924350415402, 329.7304027214849]",37.50571202406588,87
87,29.238484756628097,1.932198109782592,1.265245232995357,"[0.6915599113693783, 0.062265263859006686, 0.14255649217484176, 0.10361833259677315]","[10.228470160563063, 21.29384052784432, 8.67894969447363, 26.84172370670584]","[296.9651733200349, 142.25763257050303, 328.79556905075543, 236.56222635495718]",25.09164627140891,88
88,32.181125779014344,3.4521775707648072,0.6743118427148144,"[0.7143492464344817, 0.058375510357281134, 0.1365216546952906, 0.0907535885129466]","[5.672555377705644, 16.286715960984445, 9.138332352056564, 66.2775599586173]","[209.13293527444435, 313.24630014490657, 223.9708656271305, 294.8721451148971]",38.31431806959389,89
89,15.246773826530033,3.780435715356058,0.8647055784472779,"[0.7228552993581109, 0.05530849066906181, 0.13301367865883476, 0.08882253131399274]","[12.059045725630257, 9.187854259182519, 7.2085135046972155, 47.174389434076446]","[304.0106548001663, 203.6710002796735, 43.43106831185357, 262.0210789786653]",36.67585598682757,90
90,42.61250612346928,2.774520449518599,0.8760391530943963,"[0.6759773988513215, 0.06298775772575549, 0.14790054124123642, 0.11313430218168662]","[15.550648014305882, 12.38415306863815, 21.110380016804612, 47.03319314173719]","[329.43666981993977, 47.66071534949596, 352.8981045739556, 138.65343709447723]",13.808717648245276,91
91,31.530100255457686,3.341862831689238,1.1701359517350451,"[0.6957316325417306, 0.059785975722308995, 0.14110287676574151, 0.1033795149702189]","[15.594860376746643, 10.284555960473227, 16.37760604861296, 61.60560852904261]","[122.48502791080905, 90.22021967576038, 121.45879156540619, 41.291704725215446]",28.13966235380061,92
92,14.181912339481539,3.6151210377657135,0.4988138641630748,"[0.707914761534872, 0.05721877366185681, 0.1382377291052837, 0.0966287356979874]","[7.958456218520429, 22.406809973720602, 18.399996329994224, 59.35903410533036]","[149.5509220890596, 163.68131723914985, 350.19299513258323, 146.65443452448056]",23.409027063434404,93
93,36.182363744373674,1.916112939515656,0.5735210208286381,"[0.6553917220737239, 0.06868552593672626, 0.16084627575148192, 0.11507647623806812]","[12.188844842573067, 23.098751269052112, 22.487379039072504, 50.12056588714471]","[6.019352613962125, 267.90738157344265, 261.77319459230193, 323.0009179200856]",25.863669063273264,94
94,37.571133349638906,1.6345986368956371,0.9532340761792188,"[0.7040843974881937, 0.0602630686050681, 0.1392735656104586, 0.09637896829627961]","[11.775363937874781, 19.886096811786054, 18.371481506279235, 35.292690884119295]","[296.5759323436298, 329.904037433419, 314.94519190290725, 277.327003670322]",33.046205623608195,95
95,37.440409545688105,2.1787728271813904,0.6897650828104587,"[0.694844066813352, 0.05976027113985607, 0.1432176817919474, 0.10217798025484462]","[6.693831275076791, 6.325637630402365, 22.19269541384338, 59.28170818211923]","[189.1041844975557, 166.94709753624386, 266.7499639499267, 88.61898327427993]",27.762947438268597,96
96,30.242974320397384,2.7591579619732363,1.672947662552768,"[0.700942152903192, 0.06048255801324439, 0.14109590733297753, 0.09747938175058617]","[7.000380508546369, 8.927005933663976, 21.086863608681963, 40.78214320270253]","[139.81846477050757, 128.9053659109626, 156.92838567677413, 347.05273675161015]",31.466821721130543,97
97,21.550784236013925,2.2477900134391464,1.146031447682681,"[0.7210226648116252, 0.05478460585584038, 0.13111630164032884, 0.09307642769220548]","[7.180256003337863, 7.274379531837432, 10.966476976067048, 44.88245483243705]","[110.68695795290814, 11.966030514922114, 108.00065853938165, 283.07871966323034]",31.341047996071094,98
98,13.60812279716019,2.780489854897721,0.6276943538410239,"[0.7255728665086159, 0.056446478794969175, 0.12700721613910576, 0.09097343855730929]","[14.002680263851445, 18.626833520810564, 22.530869683972973, 46.47931813927899]","[154.97528885674046, 53.392468502497536, 317.08724351951895, 239.40890828229374]",8.026580950877404,99
99,9.846416507963694,3.1872267971156916,0.6039951669352859,"[0.690366969132191, 0.06238818737601489, 0.14628747105374756, 0.10095737243804659]","[7.887904097396541, 14.357388382938144, 11.637891824950943, 25.535137649893745]","[89.50628590313639, 22.139591277870405, 288.2261926670244, 36.708427213463885]",7.6994950040660814,100
